工单id,客户名称,标题,TSS一级标签,TSS二级标签,TSS三级标签,TSS四级标签,待确认结单-问题描述,待确认结单-问题原因,待确认结单-解决方案,客户问题,原因,申请结单-处理方法,工单id
13772022,成都云览科技有限公司,EMR，emr-o98ajfz3，缩容流程卡住，影响使用,云产品二部/大数据基础产品中心,弹性 MapReduce,控制台及流程,集群创建、销毁、扩缩容,EMR，emr-o98ajfz3，缩容流程卡住，影响使用,协助将kyuubi状态恢复后已解决,协助将kyuubi状态恢复后已解决,EMR，emr-o98ajfz3，缩容流程卡住，影响使用,,,1
13772003,杭州栀扬数据服务有限公司,Wedata，20240729112719039，code1失败，影响使用,云产品二部/大数据基础产品中心,弹性 MapReduce,控制台及流程,流程相关,Wedata，20240729112719039，code1失败，影响使用,这个hive on tez的优化合并相似计算的task时，合并错误了引入的问题，这个目前需要关闭这个参数来规避哈,已回退代码，通过MR任务运行正常使用\nset hive.optimize.shared.work.extended=false;加入参数,Wedata，20240729112719039，code1失败，影响使用,,,1
13771118,深圳百果园实业（集团）股份有限公司,CVM，ins-d9ht1qiu 重启后无法连接，影响使用,云产品二部/大数据基础产品中心,弹性 MapReduce,控制台及流程,流程相关,CVM，ins-d9ht1qiu 重启后无法连接，影响使用,硬件故障导致，当前磁盘已更换好,目前已协助挂载，测试正常,CVM，ins-d9ht1qiu 重启后无法连接，影响使用,,,1
13768882,北京巴别时代科技股份有限公司,"EMR,需确认emr云服务器资源到期情况",云产品二部/大数据基础产品中心,弹性 MapReduce,控制台及流程,配置管理,,,,"EMR,需确认emr云服务器资源到期情况",,,1
13766370,嘉兴微梦科技有限公司,emr，emr-m54k7ybv，datanode节点显示存在异常，影响使用,云产品二部/大数据基础产品中心,弹性 MapReduce,控制台及流程,信息展示,emr，emr-m54k7ybv，datanode节点显示异常，影响使用,内存不足导致,内存不足，需要改堆内存参数。改为4G 或者 8G，如果是生产环境，建议改为8G，改完后下发配置，然后重启所有datanode,emr，emr-m54k7ybv，datanode节点显示存在异常，影响使用,,,1
13765052,赛诺菲(中国)投资有限公司上海分公司,EMR，emr-k054s39v prd 回收站的文件超过24小时没清理,云产品二部/大数据基础产品中心,弹性 MapReduce,控制台及流程,集群创建、销毁、扩缩容,,,,EMR，emr-k054s39v prd 回收站的文件超过24小时没清理,,,1
13764910,成都指掌天下信息技术有限公司,EMR，emr-00x6ddmf ，节点异常重庆，影响使用需确认原因,云产品二部/大数据基础产品中心,弹性 MapReduce,控制台及流程,流程相关,,,,EMR，emr-00x6ddmf ，节点异常重庆，影响使用需确认原因,,,1
13764140,宇龙计算机通信科技（深圳）有限公司,EMR，需确认实例emr-97i3k0gz集群core缩容进度一直不动的原因,云产品二部/大数据基础产品中心,弹性 MapReduce,控制台及流程,集群创建、销毁、扩缩容,,,,EMR，需确认实例emr-97i3k0gz集群core缩容进度一直不动的原因,,,1
13762858,赛诺菲(中国)投资有限公司上海分公司,"EMR, 点击弹性MapReduce页面出现报错，影响使用",云产品二部/大数据基础产品中心,弹性 MapReduce,控制台及流程,信息展示,"EMR, 点击弹性MapReduce页面出现报错，影响使用",需要登录账号后且有emr权限，查看产品信息才不会有报错,需要登录账号后且有emr权限，查看产品信息才不会有报错,"EMR, 点击弹性MapReduce页面出现报错，查询原因",,,1
13762159,深圳小鹅网络技术有限公司,EMR，emr-8xs14dru，24日10:20左右集群告警，影响使用，需要协助确认原因,云产品二部/大数据基础产品中心,弹性 MapReduce,控制台及流程,监控告警,EMR，emr-8xs14dru，24日10:20左右集群告警，影响使用，需要协助确认原因,您好， 这类事CVM宿主机异常，导致zk异常，恢复后yarn开始走recover逻辑，在恢复的过程中回放某一个app的信息发生NPE，导致无法切换成active状态，从而影响使用，请您知悉,目前调整参数绕过recover逻辑后已恢复,EMR，emr-8xs14dru，24日10:20左右集群告警，影响使用，需要协助确认原因,,,1
13760571,深圳百果园实业（集团）股份有限公司,emr，emr-8lrxeolm，GC在线分析无角色可选，影响使用,云产品二部/大数据基础产品中心,弹性 MapReduce,控制台及流程,信息展示,emr，emr-8lrxeolm，GC在线分析无角色可选，影响使用,集群是23年之前创建的，需要特殊处理下；,建议参考群内提供的文档，EMR存量集群开启GC日志分析步骤。,emr，emr-8lrxeolm，GC在线分析无角色可选，影响使用,,,1
13760376,广州诗悦网络科技有限公司,EMR，emr-ariof5sn 无法缩容core节点，需确认原因,云产品二部/大数据基础产品中心,弹性 MapReduce,控制台及流程,集群创建、销毁、扩缩容,EMR，emr-ariof5sn 无法缩容core节点，需确认原因,白名单限制,已加白，目前可以正常缩容,EMR，emr-ariof5sn 无法缩容core节点，需确认原因,,,1
13760187,北京京客隆商业集团股份有限公司,emr，需emr-2c8y5x4f加白core节点缩容功能,云产品二部/大数据基础产品中心,弹性 MapReduce,控制台及流程,集群创建、销毁、扩缩容,,,,emr，需emr-2c8y5x4f加白core节点缩容功能,,,1
13759003,北京紫辰乐游科技有限公司,"emr,emr-nrklelty,需要后台销毁实例",云产品二部/大数据基础产品中心,弹性 MapReduce,控制台及流程,集群创建、销毁、扩缩容,,,,"emr,emr-nrklelty,需要后台销毁实例",,,1
13757619,北京搜狐新媒体信息技术有限公司,emr，emr-4yjsxm4t，5个router节点暴露了上述的安全漏洞，需确认如何规避,云产品二部/大数据基础产品中心,弹性 MapReduce,控制台及流程,监控告警,,,,emr，emr-4yjsxm4t，5个router节点暴露了上述的安全漏洞，需确认如何规避,,,1
13757462,上海肯斯爪特科技有限公司,emr，emr-hu2izag9实例自动弹出的集群没有标签，影响使用,云产品二部/大数据基础产品中心,弹性 MapReduce,控制台及流程,集群创建、销毁、扩缩容,emr，emr-hu2izag9实例自动弹出的集群没有标签，影响使用\n,bidding-emergency这个伸缩规则的扩容没有配置标签,配置相关规则的标签即可,emr，emr-hu2izag9实例自动弹出的集群没有标签，影响使用,,,1
13757265,赛诺菲(中国)投资有限公司上海分公司,EMR，emr-dzii7ykl uat SR master 降配需要会议支持,云产品二部/大数据基础产品中心,弹性 MapReduce,控制台及流程,配置管理,,,,EMR，emr-dzii7ykle uat SR master 降配需要后端会议支持,,,1
13756870,北京紫辰乐游科技有限公司,"emr,emr-jdz6frkc,需确认core节点如何限制内存使用上限",云产品二部/大数据基础产品中心,弹性 MapReduce,控制台及流程,配置管理,,,,"emr,emr-jdz6frkc,需确认core节点如何限制内存使用上限",,,1
13756551,南京领行科技股份有限公司,emr，emr-2hqw5tzt该实例控制台资源管理内配置侧显示弹和定是为什么需核实,云产品二部/大数据基础产品中心,弹性 MapReduce,控制台及流程,配置管理,,,,emr，emr-2hqw5tzt该实例控制台资源管理内配置侧显示弹和定是为什么需核实,,,1
13756138,重庆长安汽车股份有限公司,CBS，出现云硬盘(CBS)IOPS超限风险提示，需核实处理方式,云产品二部/大数据基础产品中心,弹性 MapReduce,控制台及流程,集群创建、销毁、扩缩容,CBS，出现云硬盘(CBS)IOPS超限风险提示，需核实处理方式,限流是写入速度到了上限不再增加写入速度；,业务不调整的情况下目前只能升级磁盘，建议业务评估扩容。,CBS，出现云硬盘(CBS)IOPS超限风险提示，需核实处理方式,,,1
13755974,深圳百果园实业（集团）股份有限公司,EMR，emr-9ldx178m，缩容报错PrestoSqlWorker will less than 1，影响使用需确认,云产品二部/大数据基础产品中心,弹性 MapReduce,控制台及流程,集群创建、销毁、扩缩容,EMR，emr-9ldx178m，缩容报错PrestoSqlWorker will less than 1，影响使用需确认,PrestoSalWorker的数量将少于1，即缩容后不满足最小节点要求；,现在有个新功能 可以移除角色，和新增角色，可以实现，辛苦参考下\nhttps://cloud.tencent.com/document/product/589/103106#077c6755-8923-49cb-bc9e-5c7d90ffa01d,EMR，emr-9ldx178m，缩容报错PrestoSqlWorker will less than 1，影响使用需确认,,,1
13755886,重庆长安汽车股份有限公司,EMR，emr-79er68a7节点退费0元，需确认原因,云产品二部/大数据基础产品中心,弹性 MapReduce,控制台及流程,集群创建、销毁、扩缩容,,,,EMR，emr-79er68a7节点退费0元，需确认原因,,,1
13755479,深圳法大大网络科技有限公司,emr，emr-jcymgiew，节点连接异常，需要确认下,云产品二部/大数据基础产品中心,弹性 MapReduce,控制台及流程,控制台报错,emr，emr-jcymgiew，节点连接异常，需要确认下,机器内存不足导致机器挂了,建议Master 建议升到64G,emr，emr-jcymgiew，节点连接异常，需要确认下,,,1
13755376,广东行致互联科技有限公司,emr，emr-dfhstdrh的node机器内部挂载盘之间不均衡,云产品二部/大数据基础产品中心,弹性 MapReduce,控制台及流程,流程相关,,,,emr，emr-dfhstdrh的node机器内部挂载盘之间不均衡,,,1
13755227,沃尔玛（中国）投资有限公司,EMR，安装amoro组件，在扩容core节点流程卡住，需要优化,云产品二部/大数据基础产品中心,弹性 MapReduce,控制台及流程,流程相关,,,,EMR，安装amoro组件，在扩容core节点流程卡住，需要优化,,,1
13751545,广州视睿电子科技有限公司,EMR，emr-0b2gy40s升级kyuubi需协助开白,云产品二部/大数据基础产品中心,弹性 MapReduce,控制台及流程,配置管理,,,,EMR，emr-0b2gy40s升级kyuubi需协助开白,,,1
13750788,北京搜狐新媒体信息技术有限公司,"emr，1-22 10：24 集群：emr-1k42d81t,对应节点10.23.251.13节点进程sparkhistoryserver处于不可用状态，影响使用，需确认",云产品二部/大数据基础产品中心,弹性 MapReduce,控制台及流程,监控告警,"emr，1-22 10：24 集群：emr-1k42d81t,对应节点10.23.251.13节点进程sparkhistoryserver处于不可用状态，影响使用，需确认",告警节点sparkhis堆内存较小，导致频繁gc,加大堆内存后继续观察目前已无告警,"emr，1-22 10：24 集群：emr-1k42d81t,对应节点10.23.251.13节点进程sparkhistoryserver处于不可用状态，影响使用，需确认",,,1
13750588,上海肯斯爪特科技有限公司,EMR，master节点内存升配、需注意哪些事项,云产品二部/大数据基础产品中心,弹性 MapReduce,控制台及流程,配置管理,,,,EMR，master节点内存升配、需注意哪些事项,,,1
13750398,上海诺鲨贸易有限公司,"emr, EMR-u8viarri缩容时间较长，需要协助看下",云产品二部/大数据基础产品中心,弹性 MapReduce,控制台及流程,集群创建、销毁、扩缩容,,,,"emr, EMR-u8viarri缩容时间较长，需要协助看下",,,1
13749090,深圳威科软件科技有限公司,emr，S8节点折扣配置,云产品二部/大数据基础产品中心,弹性 MapReduce,控制台及流程,系统变更,,,,emr，S8节点折扣配置,,,1
13748284,蔚来汽车科技（安徽）有限公司,emr，emr-jn2hhggf缩容进程需要跟进下,云产品二部/大数据基础产品中心,弹性 MapReduce,控制台及流程,集群创建、销毁、扩缩容,,,,emr，emr-jn2hhggf缩容进程需要跟进下,,,1
13748062,哈皮尼思（北京）文化科技有限公司,emr，emr-4mgwl04p下的一台DN节点状态显示异常，需核实原因,云产品二部/大数据基础产品中心,弹性 MapReduce,控制台及流程,监控告警,,,,emr，emr-4mgwl04p下的一台DN节点状态显示异常，需核实原因,,,1
13746753,芜湖保时网络科技有限公司,EMR，emr-arntx8ve，需要帮忙分析下目前任务提交的机器负载策略是否合理,云产品二部/大数据基础产品中心,弹性 MapReduce,控制台及流程,配置管理,,,,EMR，emr-arntx8ve，需要帮忙分析下目前任务提交的机器负载策略是否合理,,,1
13744282,东风柳州汽车有限公司,emr，emr-rm1ps9ou状态不正常，一共6个core节点，只识别了3台，确认原因,云产品二部/大数据基础产品中心,弹性 MapReduce,控制台及流程,配置管理,emr，emr-rm1ps9ou状态不正常，一共6个core节点，只识别了3台，确认原因,nm节点数据盘使用率太高，判定为不健康,需要客户清理下hdfs数据或扩容core节点，再做均衡操作,emr，emr-rm1ps9ou状态不正常，一共6个core节点，只识别了3台，确认原因,,,1
13743463,上海火码信息科技有限公司,EMR，172.17.64.3和172.17.64.6节点，集群JMV OLD区异常，影响HIVE和ZOOKEEPER服务,云产品二部/大数据基础产品中心,弹性 MapReduce,控制台及流程,监控告警,EMR，172.17.64.3和172.17.64.6节点，集群JMV OLD区异常，影响HIVE和ZOOKEEPER服务,不涉及，jvm的old区告警对集群没有影响,一般可以忽略或者调大-xmx,EMR，172.17.64.3和172.17.64.6节点，集群JMV OLD区异常，影响HIVE和ZOOKEEPER服务,,,1
13741476,泰康保险集团股份有限公司,EMR，mapreduce.reduce.memory.mb和mapreduce.reduce.reduce.mb参数如何调整,云产品二部/大数据基础产品中心,弹性 MapReduce,控制台及流程,引导操作、集群脚本,,,,EMR，mapreduce.reduce.memory.mb和mapreduce.reduce.reduce.mb参数如何调整,,,1
13741415,上海来至乐敬能源科技有限公司,数据库：cdb-r52q5ule需要确认申请时间及创建人,云产品二部/大数据基础产品中心,弹性 MapReduce,控制台及流程,集群创建、销毁、扩缩容,,,,数据库：cdb-r52q5ule需要确认申请时间及创建人,,,1
13741295,昆仑天工科技有限公司,emr，emr集群使用扩缩容镜像，新开节点后是否会自动加入到emr集群上,云产品二部/大数据基础产品中心,弹性 MapReduce,控制台及流程,自动伸缩,,,,emr，emr集群使用扩缩容镜像，新开节点后是否会自动加入到emr集群上,,,1
13740495,北京畅游时代数码技术有限公司,emr，emr-0ue9c1fo，数据均衡卡住在10.157.36.17节点，影响使用,云产品二部/大数据基础产品中心,弹性 MapReduce,控制台及流程,流程相关,emr，emr-0ue9c1fo，数据均衡卡住在10.157.36.17节点，影响使用,由于数据量大，balancer就比较慢。,目前机器存储比较高了，建议新增1-2台服务器。,emr，emr-0ue9c1fo，数据均衡卡住在10.157.36.17节点，影响使用,,,1
13739554,深圳百果园实业（集团）股份有限公司,"emr,emr-9ldx178m,缩容任务如果无法在实例到期前完成，是直接下线还是会有缓冲期",云产品二部/大数据基础产品中心,弹性 MapReduce,控制台及流程,集群创建、销毁、扩缩容,,,,"emr,emr-9ldx178m,缩容任务如果无法在实例到期前完成，是直接下线还是会有缓冲期",,,1
13738969,广州祺宸科技有限公司,EMR，emr-Core.21_emr-r0u8gssf 维修任务调整,云产品二部/大数据基础产品中心,弹性 MapReduce,控制台及流程,流程相关,,,,EMR，emr-Core.21_emr-r0u8gssf 维修任务调整,,,1
13738014,北京畅游时代数码技术有限公司,"EMR,emr-cg2aa8ql，集群自检，amoro有个节点未响应",云产品二部/大数据基础产品中心,弹性 MapReduce,控制台及流程,流程相关,,,,"EMR,emr-cg2aa8ql，集群自检，amoro有个节点未响应",,,1
13736430,嘉兴微梦科技有限公司,cvm，ins-ivtrf6f4，磁盘只读告警，影响使用,云产品二部/大数据基础产品中心,弹性 MapReduce,控制台及流程,集群创建、销毁、扩缩容,ins-ivtrf6f4，磁盘只读告警，影响使用,磁盘故障导致,已在线换盘修复完成，恢复读写,cvm，ins-ivtrf6f4，磁盘只读告警，影响使用,,,1
13736323,长城汽车股份有限公司,EMR，emr-9lnvvpwq报错NameNode jvm内存使用率高，需确认原因,云产品二部/大数据基础产品中心,弹性 MapReduce,控制台及流程,监控告警,,,,EMR，emr-9lnvvpwq报错NameNode jvm内存使用率高，需确认原因,,,1
13735647,深圳市雷鸟网络传媒有限公司,EMR，emr-dkqphaoh，自动伸缩策略执行失败，影响使用需确认原因,云产品二部/大数据基础产品中心,弹性 MapReduce,控制台及流程,监控告警,EMR，emr-dkqphaoh，自动伸缩策略执行失败，影响使用需确认原因,"预扣的机型是32c,128g的，客户测试集群，扩的16c,32g，这个没有预扣，大盘里没有机器，扩容失败符合预期",保持32+128机型的预扣就行，测试集群可忽略,EMR，emr-dkqphaoh，自动伸缩策略执行失败，影响使用需确认原因,,,1
13735527,深圳百果园实业（集团）股份有限公司,EMR，emr-9ldx178m， 下线core节点太慢，需要核实确认,云产品二部/大数据基础产品中心,弹性 MapReduce,控制台及流程,集群创建、销毁、扩缩容,,,,<div>EMR，emr-9ldx178m，&nbsp;下线core节点太慢，需要核实确认</div>,,,1
13732950,长城汽车股份有限公司,EMR，emr-dh2lj68y查询失败率指标持续告警，需确认原因,云产品二部/大数据基础产品中心,弹性 MapReduce,控制台及流程,监控告警,EMR，emr-dh2lj68y查询失败率指标持续告警，需确认原因,核查对应的数据表有查询失败的情况，查询失败率指标持续告警是符合预期的，请知悉。,建议查询starrocks_audit_db__.starrocks_audit_tbl__表，根据时间筛选errorcode不为空的数据即可,EMR，emr-dh2lj68y查询失败率指标持续告警，需确认原因,,,1
13732471,武汉天喻教育科技有限公司,CVM，ins-nxiqu58h是否有完成隐患处理,云产品二部/大数据基础产品中心,弹性 MapReduce,控制台及流程,流程相关,CVM，ins-nxiqu58h是否有完成隐患处理,经核实，实例磁盘异常导致,已维修完成，辛苦参考emr文档做操作即可:\nhttps://cloud.tencent.com/document/product/589/85569,CVM，ins-nxiqu58h是否有完成隐患处理,,,1
13731642,长城汽车股份有限公司,emr，emr-rp2lm5ai集群扩容后，新加节点同步较慢，确认原因,云产品二部/大数据基础产品中心,弹性 MapReduce,控制台及流程,监控告警,,,,emr，emr-rp2lm5ai集群扩容后，新加节点同步较慢，确认原因,,,1
13731342,深圳百果园实业（集团）股份有限公司,"emr,core节点如何将数据迁移到其他节点",云产品二部/大数据基础产品中心,弹性 MapReduce,控制台及流程,集群创建、销毁、扩缩容,,,,"emr,core节点如何将数据迁移到其他节点",,,1
13731335,VANTASTONE TECHNOLOGY PTE. LTD,emr，需确认emr-j9w79c27集群缩容完成后的硬盘使用率,云产品二部/大数据基础产品中心,弹性 MapReduce,控制台及流程,集群创建、销毁、扩缩容,,,,emr，需确认emr-j9w79c27集群缩容完成后的硬盘使用率,,,1
13731122,北京力拓飞远科技有限公司,EMR，需扩容80T用于存储确认应扩容哪个节点,云产品二部/大数据基础产品中心,弹性 MapReduce,控制台及流程,集群创建、销毁、扩缩容,,,,EMR，需扩容80T用于存储确认应扩容哪个节点,,,1
13731114,长城汽车股份有限公司,emr，emr-rp2lm5ai集群扩容确认,云产品二部/大数据基础产品中心,弹性 MapReduce,控制台及流程,流程相关,,,,emr，emr-rp2lm5ai集群扩容确认,,,1
13730385,深圳数阔信息技术有限公司,StarRocks，条件更新过滤数据的日志展示问题咨询,云产品二部/大数据基础产品中心,弹性 MapReduce,控制台及流程,配置管理,,,,StarRocks，条件更新过滤数据的日志展示问题咨询,,,1
13730017,深圳百果园实业（集团）股份有限公司,EMR，emr-9ldx178m、emr-8lrxeolm降配操作需要开白,云产品二部/大数据基础产品中心,弹性 MapReduce,控制台及流程,集群创建、销毁、扩缩容,,,,EMR，emr-9ldx178m、emr-8lrxeolm降配操作需要开白,,,1
13729858,深蓝汽车科技有限公司,emr，EMR节点如何配置置放群组？,云产品二部/大数据基础产品中心,弹性 MapReduce,控制台及流程,流程相关,,,,emr，EMR节点如何配置置放群组？,,,1
13729778,杭州微拍堂文化创意有限公司,EMR，节点如何降配,云产品二部/大数据基础产品中心,弹性 MapReduce,控制台及流程,集群创建、销毁、扩缩容,,,,EMR，节点如何降配,,,1
13728932,赛诺菲(中国)投资有限公司上海分公司,对于超时等原因失败的任务，能否通过修改jar包优化临时文件占用磁盘空间问题,云产品二部/大数据基础产品中心,弹性 MapReduce,控制台及流程,监控告警,,,,对于超时等原因失败的任务，能否通过修改jar包优化临时文件占用磁盘空间问题,,,1
13727080,北京紫辰乐游科技有限公司,"emr,emr-jdz6frkc,EMRmaster升配后导致集群不可用,影响使用需确认原因",云产品二部/大数据基础产品中心,弹性 MapReduce,控制台及流程,流程相关,"emr,emr-jdz6frkc,EMRmaster升配后导致集群不可用,影响使用需确认原因",如会议沟通，CheckPoint不能按照预期执行，这样会积压大量EditLog。积压的EditLog文件越多，重启NameNode需要加载EditLog时间越长。上次执行checkpoint还是12月20号，之后未执行，原因是有一个节点的磁盘满了导致的问题,可以修改dfs.namenode.name.dir.restore 参数改为true，不过要等重启完\n修改命令参考：\nsu hadoop\nhdfs dfsadmin -restoreFailedStorage true,"emr,emr-jdz6frkc,EMRmaster升配后导致集群不可用,影响使用需确认原因",,,1
13726369,北京亿欧网盟科技有限公司,MapReduce，需了解MapReduce进行服务升级是否影响正常服务使用,云产品二部/大数据基础产品中心,弹性 MapReduce,控制台及流程,流程相关,,,,MapReduce，需了解MapReduce进行服务升级是否影响正常服务使用,,,1
13725900,深圳百果园实业（集团）股份有限公司,EMR，存量节点是否能降配置,云产品二部/大数据基础产品中心,弹性 MapReduce,控制台及流程,集群创建、销毁、扩缩容,,,,EMR，存量节点是否能降配置,,,1
13725536,智慧芽信息科技（苏州）有限公司, EMR，需确认创建失败的集群如何在列表中剔除,云产品二部/大数据基础产品中心,弹性 MapReduce,控制台及流程,集群创建、销毁、扩缩容,,,, EMR，需确认创建失败的集群如何在列表中剔除,,,1
13725430,泛华联兴保险销售股份公司,emr，emr-hd6j17ic，Linux后台与腾讯管理后台健康状况不同，影响使用,云产品二部/大数据基础产品中心,弹性 MapReduce,控制台及流程,集群创建、销毁、扩缩容,emr，emr-hd6j17ic，Linux后台与腾讯管理后台健康状况不同，影响使用,最开始用hdfs dfsadmin -report 查看节点有异常，可能是当时控制台看的时候，在这期间的时间里节点就恢复了,检查没发现异常，可以再观察下，怀疑是在控制台查看的期间就恢复了，如果后面再出现，请提供下对应节点信息，我们进一步分析,emr，emr-hd6j17ic，Linux后台与腾讯管理后台健康状况不同，影响使用,,,1
13723200,VANTASTONE TECHNOLOGY PTE. LTD,EMR，emr-j9w79c27的10.0.11.40 DN节点缩容卡住了，影响节点缩容,云产品二部/大数据基础产品中心,弹性 MapReduce,控制台及流程,集群创建、销毁、扩缩容,EMR，emr-j9w79c27的10.0.11.40 DN节点缩容卡住了，影响节点缩容,不涉及，速度较慢,加速需要改配置，已经处理并发送配置文档给用户,EMR，emr-j9w79c27的10.0.11.40 DN节点缩容卡住了，影响节点缩容,,,1
13722971,金蝶蝶金云计算有限公司,EMR，emr-ne39659fRouter执行机变配需要SA5.4XLARGE32资源,云产品二部/大数据基础产品中心,弹性 MapReduce,控制台及流程,节点规格,EMR，emr-ne39659fRouter执行机变配需要SA5.4XLARGE32资源\n,这里原因是在cvm/cbs控制台扩容了节点系统盘、emr侧同步不完全导致的,已后台处理 变配成功，这里年后会修复,EMR，emr-ne39659fRouter执行机变配需要SA5.4XLARGE32资源,,,1
13722266,华润雪花啤酒(中国)有限公司,CVM，100022128998 EMR扩容S5资源协调,云产品二部/大数据基础产品中心,弹性 MapReduce,控制台及流程,流程相关,,,,CVM，100022128998 EMR扩容S5资源协调,,,1
13720889,上海微盟企业发展有限公司,EMR，emr-e58pb570，国际站 emr 销毁按钮报错，影响退订,云产品二部/大数据基础产品中心,弹性 MapReduce,控制台及流程,集群创建、销毁、扩缩容,EMR，emr-e58pb570，国际站 emr 销毁按钮报错，影响退订,国际站预付费CVM不支持退还,商务侧已沟通暂不退还,EMR，emr-e58pb570，国际站 emr 销毁按钮报错，影响退订,,,1
13719331,赛诺菲(中国)投资有限公司上海分公司,EMR，emr-lldi1fo1 数据目录昨天到今天徒增，查询原因,云产品二部/大数据基础产品中心,弹性 MapReduce,控制台及流程,监控告警,EMR，emr-lldi1fo1 数据目录昨天到今天徒增，查询原因,数据目录突增的问题原因是application_1733307617890_44034任务部分executor的shuffle数据量较大，导致nm磁盘上涨,已手动终止任务，也建议在业务侧注意下sql中数据量问题。\n另外，原本有配置app运行生命周期，但由于开关过yarn\"资源管理\"开关，导致配置被刷新，app运行生命周期的配置也被刷掉。我们已为您提交需求给产品同事评估进行优化，支持后我们在群内与您同步。,EMR，emr-lldi1fo1 数据目录昨天到今天徒增，查询原因,,,1
13718936,智道网联科技（北京）有限公司,emr，emr的ranger地址有无初始账号密码，需确认,云产品二部/大数据基础产品中心,弹性 MapReduce,控制台及流程,账户权限,,,,emr，emr的ranger地址有无初始账号密码，需确认,,,1
13716464,广州视睿电子科技有限公司,emr，emr-0b2gy40s 缩容流程是否正常,云产品二部/大数据基础产品中心,弹性 MapReduce,控制台及流程,流程相关,,,,<div>emr-0b2gy40s&nbsp;</div>,,,1
13715765,北京豪腾嘉科科技有限公司,"emr, emr-g6gbl0br,1/15,16:39,EMR标准型SA3 / 16核64G 扩容失败，影响使用需协调资源",云产品二部/大数据基础产品中心,弹性 MapReduce,控制台及流程,集群创建、销毁、扩缩容,"emr, emr-g6gbl0br,1/15,16:39,EMR标准型SA3 / 16核64G 扩容失败，影响使用需协调资源","1,资源问题已经协调预扣.\n2.扩容流程异常是因为您组件关闭导致",资源已经协调成功，扩容流程异常，目前后台已经协助启动组件后已经恢复正常.,"emr,EMR标准型SA3 / 16核64G 系统盘:1 x 100GB高效云盘 数据盘:3 x 3000GB高效云盘需要协调",,,1
13714982,成都指掌天下信息技术有限公司,emr，emr-00x6ddmf需确认3个fe节点是否在同一母机,云产品二部/大数据基础产品中心,弹性 MapReduce,控制台及流程,节点规格,,,,emr，emr-00x6ddmf需确认3个fe节点是否在同一母机,,,1
13714952,上海微盟企业发展有限公司,emr，emr-e58pb570创建时间长，影响使用,云产品二部/大数据基础产品中心,弹性 MapReduce,控制台及流程,集群创建、销毁、扩缩容,emr，emr-e58pb570创建时间长，影响使用,卡住原因是用户使用api（https://cloud.tencent.com/document/api/589/83953）创建集群时，EnableSupportHAFlag传的true，但是节点数量却是非ha的配置（1master3core），导致卡住了，后续会对该参数加上校验,已修复,emr，emr-e58pb570创建时间长,,,1
13714946,北京云中融信网络科技有限公司,emr，集群id： emr-0e330ekl，需协助关闭Kerberos认证 ,云产品二部/大数据基础产品中心,弹性 MapReduce,控制台及流程,配置管理,,,,emr，集群id： emr-0e330ekl，需协助关闭Kerberos认证 ,,,1
13714445,上海艾拉比智能科技有限公司,EMR，需了解EMR-l8n9b7js集群的HMaster不可用的原因,云产品二部/大数据基础产品中心,弹性 MapReduce,控制台及流程,控制台报错,,,,EMR，需了解EMR-l8n9b7js集群的HMaster不可用的原因,,,1
13713137,深圳市房极客网络科技有限公司,EMR，需EMR集群放开单可用区限制，可以使用其他可用区资源,云产品二部/大数据基础产品中心,弹性 MapReduce,控制台及流程,节点规格,,,,EMR，需EMR集群放开单可用区限制，可以使用其他可用区资源,,,1
13712106,南京领行科技股份有限公司,emr，emr-5w8j37h3触发IO设备使用率_all > 95.000%告警，影响使用,云产品二部/大数据基础产品中心,弹性 MapReduce,控制台及流程,监控告警,emr，emr-5w8j37h3触发IO设备使用率_all > 95.000%告警，影响使用,部署atop看都是java进程占用的,系统盘可以扩容下容量提升性能，\n数据盘可以更换下磁盘类型，提升性能。,emr，emr-5w8j37h3触发IO设备使用率_all > 95.000%告警,,,1
13711677,一汽—大众汽车有限公司,emr，资源预扣咨询,云产品二部/大数据基础产品中心,弹性 MapReduce,控制台及流程,自动伸缩,,,,emr,,,1
13701275,完美世界（北京）网络技术有限公司,"emr，emr-pjujlejk，1/13 16：00,影响移除hdfs角色长时间无响应，需确认原因",云产品二部/大数据基础产品中心,弹性 MapReduce,控制台及流程,流程相关,"emr，emr-pjujlejk，1/13 16：00,影响移除hdfs角色长时间无响应，需确认原因",流程卡住,人工协助处理,"emr，emr-pjujlejk，1/13 16：00,影响移除hdfs角色长时间无响应，需确认原因",,,1
13700551,广州视睿电子科技有限公司,"emr,emr-0b2gy40s是否可以剔除节点做压测",云产品二部/大数据基础产品中心,弹性 MapReduce,控制台及流程,自动伸缩,,,,"<div>emr,emr-0b2gy40s是否可以剔除节点做压测</div><div>emr的测试集群利用率有点低，现在想回收几台机器，有没有办法先从集群里面暂时踢掉几台机器，跑任务看一下负载（类似k8s的cordon）</div>",,,1
13699680,广州视睿电子科技有限公司,emr， 集群新增kyuubi组件执行了40+分钟 核实流程是否正常,云产品二部/大数据基础产品中心,弹性 MapReduce,控制台及流程,流程相关,emr， 集群新增kyuubi组件执行了40+分钟 核实流程是否正常,提前创建过kyuubi目录，导致流程阻塞,处理对应目录后重试流程，已正常完成服务添加。,<div>集群新增kyuubi组件执行了40+分钟了，一直卡25进度，帮忙看看任务在正常执行吗</div>,,,1
13698916,一汽—大众汽车有限公司,EMR，emr-bzjaj9u1，扩容64G是否会导致core节点被强制压平,云产品二部/大数据基础产品中心,弹性 MapReduce,控制台及流程,节点规格,,,,EMR，emr-bzjaj9u1，扩容64G是否会导致core节点被强制压平,,,1
13698902,重庆长安汽车股份有限公司,"emr,扩容集群，Mnode和HOST的区别是什么",云产品二部/大数据基础产品中心,弹性 MapReduce,控制台及流程,配置管理,,,,"emr,扩容集群，Mnode和HOST的区别是什么",,,1
13698275,杭州锐傲网络科技有限公司,emr，资源手动退还已停服，注意事项咨询,云产品二部/大数据基础产品中心,弹性 MapReduce,控制台及流程,流程相关,,,,emr，资源手动退还已停服，注意事项咨询,,,1
13691743,上海诺鲨贸易有限公司,EMR，需要协助开白emr-fvwk0qje core节点缩容功能,云产品二部/大数据基础产品中心,弹性 MapReduce,控制台及流程,配置管理,,,,EMR，需要协助开白emr-fvwk0qje core节点缩容功能,,,1
13690349,北京卡路里科技有限公司,emr，1月10日15:52通过api创建emr kafka报错，影响创建，需确认原因,云产品二部/大数据基础产品中心,弹性 MapReduce,控制台及流程,集群创建、销毁、扩缩容,emr，1月10日15:52通过api创建emr kafka报错，影响创建，需确认原因,控制台和api使用逻辑不一致导致，辛苦您先按照以下方式来使用。\n1. CoreCount 改为 MasterCount\n2. CoreResourceSpec 改为 MasterResourceSpec,产品api校验逻辑待优化，这块产品侧后续也会来优化下。,emr，1月10日15:52通过api创建emr kafka报错，影响创建，需确认原因,,,1
13690331,未来电视有限公司,EMR，emr-hj1xytdc对应节点有test、hadoop的空口令账号，是否能删除账号,云产品二部/大数据基础产品中心,弹性 MapReduce,控制台及流程,配置管理,,,,EMR，emr-hj1xytdc对应节点有test、hadoop的空口令账号，是否能删除账号,,,1
13687551,小红书科技有限公司,EMR，emr-dhcaxgpl，emr-1dtbcnbw，核实报错原因,云产品二部/大数据基础产品中心,弹性 MapReduce,控制台及流程,监控告警,EMR，emr-dhcaxgpl，emr-1dtbcnbw，核实报错原因,这个报错影响不大，一般客户端侧主动断开也会打印这个\n\nHDFS出现broken pipe的原因：\n1. 网络延迟：如果发送方发送数据时，接收方因为网络延迟没有及时接收到数据，那么发送方就会认为连接已经断开，从而导致broken pipe错误。\n2. 对端关闭连接：如果接收方关闭了连接，而发送方此时还在发送数据，那么就会出现broken pipe错误。\n3. 数据量过大：如果发送方一次性发送的数据量过大，超过了接收方的缓冲区大小，那么就会出现broken pipe错误。,这个没办法调参规避，这个不影响跑任务的,EMR，emr-dhcaxgpl，emr-1dtbcnbw，核实报错原因,,,1
13686603,北京六分科技有限公司,EMR，需确认emr-ridlag8q缩容core节点任务状态,云产品二部/大数据基础产品中心,弹性 MapReduce,控制台及流程,集群创建、销毁、扩缩容,,,,EMR，需确认emr-ridlag8q缩容core节点任务状态,,,1
13682673,北京畅游时代数码技术有限公司,emr，创建emr集群使用关联自建mysql，对于数据用户名的用户，需要那些权限，需确认,云产品二部/大数据基础产品中心,弹性 MapReduce,控制台及流程,流程相关,,,,emr，创建emr集群使用关联自建mysql，对于数据用户名的用户，需要那些权限，需确认,,,1
13680150,北京泰迪未来科技股份有限公司,EMR，emr-mcin62ug ，1月08日23:58，emr的扩容任务卡了十个小时，影响业务需确认原因,云产品二部/大数据基础产品中心,弹性 MapReduce,控制台及流程,集群创建、销毁、扩缩容,EMR，emr-mcin62ug ，1月08日23:58，emr的扩容任务卡了十个小时，影响扩容需确认原因,扩容Task时，触发了缩容Task，缩容Task通过手动干预，导致一些节点下线，从而阻塞扩容流程。,后台已协助人工跳过，验证任务没问题,EMR，emr-mcin62ug ，1月08日23:58，emr的扩容任务卡了十个小时，影响业务需确认原因,,,1
13680123,一汽—大众汽车有限公司,emr，emr-KE6F8BC5，近期5：30~6：30状态异常告警，需确认原因,云产品二部/大数据基础产品中心,弹性 MapReduce,控制台及流程,监控告警,,,,emr，emr-KE6F8BC5，近期5：30~6：30状态异常告警，需确认原因,,,1
13679893,蔚来汽车科技（安徽）有限公司,emr，emr的sr集群fe节点升级硬件配置是否支持原地升级,云产品二部/大数据基础产品中心,弹性 MapReduce,控制台及流程,配置管理,,,,emr，emr的sr集群fe节点升级硬件配置是否支持原地升级,,,1
13677917,深圳市富途网络科技有限公司,EMR，emr-7r0aj3i8，广州地域安全组绑定香港地域EMR集群,云产品二部/大数据基础产品中心,弹性 MapReduce,控制台及流程,信息展示,EMR，emr-7r0aj3i8，广州地域安全组绑定香港地域EMR集群,产品特性确实不能跨地域绑定，因为集群创建比较久，历史已经没有日志能查到了，我们这边获取安全组也是调用的安全组的接口，现在没法确定是安全组接口返回错误还是当时接口调用有问题了,建议还是更换下安全组，如果目前使用没问题，规则都是正常的，应该是不受影响了,安全组，sg-qs0g7949，广州地域安全组绑定香港地域EMR集群,,,1
13676722,上海蔚来汽车有限公司,emr，emr-7qvmjb79节点池调整磁盘大小不生效，影响使用,云产品二部/大数据基础产品中心,弹性 MapReduce,控制台及流程,配置管理,emr，emr-7qvmjb79节点池调整磁盘大小不生效，影响使用,展示接口存在问题，实际扩容时还是会按照500G进行扩容,后续会针对该接口展示进行优化,emr，emr-7qvmjb79节点池调整磁盘大小不生效，影响使用,,,1
13675273,博锐尚格科技股份有限公司,"emr,emr-b75gnend节点内存一直超85%，需确认如何优化",云产品二部/大数据基础产品中心,弹性 MapReduce,控制台及流程,监控告警,,,,"emr,emr-b75gnend节点内存一直超85%，需确认如何优化",,,1
13671541,广州品唯软件有限公司,EMR，emr-nnvy2nl9，需要缩容core节点和master节点，能否支持,云产品二部/大数据基础产品中心,弹性 MapReduce,控制台及流程,集群创建、销毁、扩缩容,,,,EMR，emr-nnvy2nl9，需要缩容core节点和master节点，能否支持,,,1
13671392,广州盛成妈妈网络科技股份有限公司,EMR，emr集群所属云服务器中，挂载的CBS硬盘如何计费,云产品二部/大数据基础产品中心,弹性 MapReduce,控制台及流程,集群创建、销毁、扩缩容,,,,EMR，emr集群所属云服务器中，挂载的CBS硬盘如何计费,,,1
13671291,一汽—大众汽车有限公司,emr，emr-p8acrkiv，节点存在坏盘隐患，需确认是否可以直接授权，不备份操作,云产品二部/大数据基础产品中心,弹性 MapReduce,控制台及流程,流程相关,,,,emr，emr-p8acrkiv，节点存在坏盘隐患，需确认是否可以直接授权，不备份操作,,,1
13670654,深圳市富途网络科技有限公司,EMR，emr-3bdv6s98，当前调用接口创建用户提示：新增用户被拒绝，影响用户增加。,云产品二部/大数据基础产品中心,弹性 MapReduce,控制台及流程,引导操作、集群脚本,EMR，emr-3bdv6s98，当前调用接口创建用户提示：新增用户被拒绝，影响用户增加。,提交的新建用户频繁了，前边的用户创建还没完成造成的,每次新建的任务跟下次间隔30s以上左右,EMR，emr-3bdv6s98，当前调用接口创建用户提示：新增用户被拒绝，影响用户增加。,,,1
13670601,孩子王儿童用品股份有限公司,EMR，emr-6qm7xnwx，在循环跑天数据的时候，出现了某天的数据为0条的情况，也不报错，需协助分析原因，影响使用,云产品二部/大数据基础产品中心,弹性 MapReduce,控制台及流程,流程相关,EMR，emr-6qm7xnwx，在循环跑天数据的时候，出现了某天的数据为0条的情况，也不报错，需协助分析原因，影响使用,表 dwd_scm_goodspssm_de_BG 的入库在 15:06:57 的时候，由于 SR 的 tablet 异步版本\n发布超时而导致 create tablet as select 的请求返回成功。 这时候，由于下一个任务的入库的基表\n是 dwd_scm_goodspssm_de_BG，但是这个时候，tablet 的版本还没有发布成功（15:07：06 发\n布成功），所以查不出来数据。导致任务空数据的情况,使用同步入库方式通过参数：\nenable_sync_publish true 来解决,EMR，emr-6qm7xnwx，在循环跑天数据的时候，出现了某天的数据为0条的情况，也不报错，需协助分析原因，影响使用,,,1
13670559,深圳市富途网络科技有限公司,CVM，10808，新加坡三区IT5.4XLARGE64资源一台。,云产品二部/大数据基础产品中心,弹性 MapReduce,控制台及流程,集群创建、销毁、扩缩容,EMR：emr-h26ckfmq，扩容报错，影响扩容,因为IT5.4XLARGE64资源问题导致扩容异常,可以考虑先使用其他资源来满足使用需求（如：ITA5.4XLARGE64），后续有IT5.4XLARGE64资源在替换掉。,CVM，10808，新加坡三区IT5.4XLARGE64资源一台。,,,1
13668223,泰康保险集团股份有限公司,emr，emr-rd7hedd9，appadmin用户无法执行crontab -e，影响使用,云产品二部/大数据基础产品中心,弹性 MapReduce,控制台及流程,控制台报错,emr，emr-rd7hedd9，appadmin用户无法执行crontab -e，影响使用\n,用户密码过期导致,用户密码过期\ncat /var/log/secure 可以看到密码过期的提示\n修改密码，然后执行\nchage –M -1 用户名 设定用户密码永不过期\n,emr，emr-rd7hedd9，appadmin用户无法执行crontab -e，影响使用,,,1
13667355,BBX AI (PTE. LTD.),EMR，emr-q0abwnfv，DashBoard无法查看，影响使用,云产品二部/大数据基础产品中心,弹性 MapReduce,控制台及流程,监控告警,EMR，emr-q0abwnfv，DashBoard无法查看，影响使用,dashboard.emr.tencentcloud.com解析到了国内的CLB上，但域名未备案，被合规侧拦截,1. 合规团队先开白恢复业务访问 \n2.业务团队尽快将国际站域名解析到国外服务器IP满足合规要求,EMR，DashBoard无法查看，影响使用,,,1
13665613,深圳市雷鸟网络传媒有限公司,emr，emr-fkbcc97h集群，数据分析集群报扩容失败，影响使用需协助核实,云产品二部/大数据基础产品中心,弹性 MapReduce,控制台及流程,集群创建、销毁、扩缩容,emr，emr-fkbcc97h集群，数据分析集群报扩容失败，影响使用需协助核实,网络波动后台主备发生了切换，数据延迟导致时间推迟告警，没有影响到客户的正常扩缩容的,正常扩容,emr，emr-fkbcc97h集群，数据分析集群报扩容失败，影响使用需协助核实,,,1
13664668,北京红本科技有限公司,emr：需了解实例id：ins-b721oqyt 关机无法升级的解决方案,云产品二部/大数据基础产品中心,弹性 MapReduce,控制台及流程,集群创建、销毁、扩缩容,,,,emr：需了解实例id：ins-b721oqyt 关机无法升级的解决方案,,,1
13664229,北京光宇在线科技有限责任公司,emr，emr-ixfbfh29，节点磁盘扩容后显示没有变化，需确认如何操作一致,云产品二部/大数据基础产品中心,弹性 MapReduce,控制台及流程,信息展示,,,,emr，emr-ixfbfh29，节点磁盘扩容后显示没有变化，需确认如何操作一致,,,1
13663757,杭州锐傲网络科技有限公司,EMR，需了解TRANSACTION状态的告警选项是否发布成功,云产品二部/大数据基础产品中心,弹性 MapReduce,控制台及流程,信息展示,,,,EMR，需了解TRANSACTION状态的告警选项是否发布成功,,,1
13663666,昆仑天工科技有限公司,emr，emr-9iubjzc1，mapreduce的用户管理中的用户，是否涉及系统的使用,云产品二部/大数据基础产品中心,弹性 MapReduce,控制台及流程,账户权限,,,,emr，emr-9iubjzc1，mapreduce的用户管理中的用户，是否涉及系统的使用,,,1
13663308,武汉思行教育科技有限公司,EMR，emr-chusjwow销毁core 节点报错需排查原因,云产品二部/大数据基础产品中心,弹性 MapReduce,控制台及流程,集群创建、销毁、扩缩容,EMR，emr-chusjwow销毁core 节点报错需排查原因,根据报错显示，集群最低要求3台core缩容。rs只有3个了所以限制了，贵方缩容的机器是这3个ip其一,如果不用hbase，可以卸载掉hbase服务再缩容，即可正常缩容,EMR，emr-chusjwow销毁core 节点报错需排查原因,,,1
13663205,沃尔玛（中国）投资有限公司,"emr,emr-6orhj3gi,BE节点10.128.8.102有15T数据，节点迁移预估耗时时长",云产品二部/大数据基础产品中心,弹性 MapReduce,控制台及流程,流程相关,,,,"emr,emr-6orhj3gi,BE节点10.128.8.102有15T数据，节点迁移预估耗时时长",,,1
13663112,北京红本科技有限公司,emr： emr-2jety51i 创建集群卡住了，master节点规格只有16g，建议扩容,云产品二部/大数据基础产品中心,弹性 MapReduce,控制台及流程,集群创建、销毁、扩缩容,,,,emr： emr-2jety51i 创建集群卡住了，master节点规格只有16g，建议扩容,,,1
13663101,成都智齿博创科技有限公司,EMR，namenode目录 /data/emr/hdfs/namenode 占用了279G，需确认是否正常,云产品二部/大数据基础产品中心,弹性 MapReduce,控制台及流程,节点规格,,,,EMR，namenode目录 /data/emr/hdfs/namenode 占用了279G，需确认是否正常,,,1
13662500,VANTASTONE TECHNOLOGY PTE. LTD,EMR，emr-j9w79c27的Core节点增加了硬盘，在中午14:37左右进行了数据均衡任务，提交任务后很快就完成了，怀疑任务未正常执行，影响数据均衡,云产品二部/大数据基础产品中心,弹性 MapReduce,控制台及流程,流程相关,EMR，emr-j9w79c27的Core节点增加了硬盘，在中午14:37左右进行了数据均衡任务，提交任务后很快就完成了，怀疑任务未正常执行，影响数据均衡,不涉及，流程正常,客户是扩容了磁盘，已经引导客户进行diskbalancer操作，目前看新的盘上的数据在增长，可以通过以下方法加速\nhdfs dfsadmin -setBalancerBandwidth 20971520 //设置了balancer限流20M，该值可以根据实际情况动态设置，建议不\n超过100M，以免影响业务,EMR，emr-j9w79c27的Core节点增加了硬盘，在中午14:37左右进行了数据均衡任务，提交任务后很快就完成了，怀疑任务未正常执行，影响数据均衡,,,1
13657118,广州舜飞信息科技有限公司,容器服务：emr-vm-hr6jcs5p节点异常影响使用，需要确认原因,云产品二部/大数据基础产品中心,弹性 MapReduce,控制台及流程,控制台报错,容器服务：emr-vm-hr6jcs5p节点异常影响使用，需要确认原因,宿主机硬件故障,更换设备,容器服务：emr-vm-hr6jcs5p节点异常影响使用，需要确认原因,,,1
13655334,湖南口味王集团有限责任公司,emr，emr-9rpi8ifc，生产环境升级后SQL查询无法出结果 profile日志，影响使用,云产品二部/大数据基础产品中心,弹性 MapReduce,控制台及流程,信息展示,emr-9rpi8ifc，生产环境升级后SQL查询无法出结果 profile日志，影响使用,原因为cos性能过低导致。CN升配重启后，缓存清空，需要从COS桶拉取数据，因COS桶性能不足，拉取超时导致升配后无法查询,调整了COS性能参数后恢复，建议使用融合桶，普通桶的速度相对较慢,emr，emr-9rpi8ifc，生产环境升级后SQL查询无法出结果 profile日志，影响使用,,,1
13655225,上海肯斯爪特科技有限公司,emr，emr-hu2izag9，需支持跨区扩容,云产品二部/大数据基础产品中心,弹性 MapReduce,控制台及流程,集群创建、销毁、扩缩容,,,,emr，emr-hu2izag9，需支持跨区扩容,,,1
13654984,泰康保险集团股份有限公司,emr ，emr-rd7hedd9集群hadoop漏洞 如何处理,云产品二部/大数据基础产品中心,弹性 MapReduce,控制台及流程,流程相关,,,,emr ，emr-rd7hedd9集群hadoop漏洞 如何处理,,,1
13654277,湖南口味王集团有限责任公司,EMR，UAT的任务调度StarRocks大量失败，影响使用,云产品二部/大数据基础产品中心,弹性 MapReduce,控制台及流程,流程相关,,,,EMR，UAT的任务调度StarRocks大量失败，影响使用,,,1
13653624,广州诗悦网络科技有限公司,emr，emr-hswdlh2g 缩容节点卡住,云产品二部/大数据基础产品中心,弹性 MapReduce,控制台及流程,集群创建、销毁、扩缩容,emr，emr-hswdlh2g，缩容节点卡住,流程是正常的，因为您们新扩的节点又在进行balance，所以会影响到缩容的效率,目前缩容流程已经完成。,emr，emr-hswdlh2g 缩容节点卡住,,,1
13653574,上海赛可出行科技服务有限公司,emr：需要确认自动伸缩规格管理里面是否可以直接配置包年包月,云产品二部/大数据基础产品中心,弹性 MapReduce,控制台及流程,流程相关,,,,emr：需要确认自动伸缩规格管理里面是否可以直接配置包年包月,,,1
13653291,深圳市雷鸟网络传媒有限公司,EMR， emr-fkbcc97h自动伸缩报内部错误，影响使用需协助排查,云产品二部/大数据基础产品中心,弹性 MapReduce,控制台及流程,自动伸缩,EMR， emr-fkbcc97h自动伸缩报内部错误，影响使用需协助排查,计费服务组件版本升级时，引发网关和组件兼容性问题，导致网关到后端服务的部分请求异常，从而影响计费支付链路（充值/订单支付等场景）,计费服务组件版本升级时，引发网关和组件兼容性问题，导致网关到后端服务的部分请求异常，从而影响计费支付链路（充值/订单支付等场景），15:28收到异常告警后第一时间定位到与升级有关，紧急快速回滚、验证后逐步恢复，于15:37业务恢复到正常水平。\n后续规避措施：\n1.已解决网关和组件之间兼容性问题------2025年1月3号\n2.已完善跨组件的兼容性验证测试用例--------2025年1月3号,EMR， emr-fkbcc97h自动伸缩报内部错误，影响使用需协助排查,,,1
13652861,北京蓝色光标数字传媒科技有限公司,EMR，emr-brzpmz5z，客户端请求被cancel，影响使用,云产品二部/大数据基础产品中心,弹性 MapReduce,控制台及流程,流程相关,EMR，emr-brzpmz5z，客户端请求被cancel，影响使用,当前已恢复 ,待排查问题根因,EMR，emr-brzpmz5z，客户端请求被cancel，影响使用,,,1
13652707,广州诗悦网络科技有限公司,EMR，需要协助协调一台 I3.4XLARGE64机型,云产品二部/大数据基础产品中心,弹性 MapReduce,控制台及流程,集群创建、销毁、扩缩容,,,,EMR，需要协助协调一台 I3.4XLARGE64机型,,,1
13649678,上海驿氪信息科技有限公司,emr emr-hik1vsge 5:52-6:03YARN节点_NumUnhealthyNMs > 0.000 Count，影响使用,云产品二部/大数据基础产品中心,弹性 MapReduce,控制台及流程,监控告警,emr emr-hik1vsge 5:52-6:03YARN节点_NumUnhealthyNMs > 0.000 Count，影响使用,Nodemanager节点数据盘超过90%，,告警时，Nodemanager节点数据盘超过90%，就会被认定为unhealthy nm节点,emr emr-hik1vsge 5:52-6:03YARN节点_NumUnhealthyNMs > 0.000 Count，影响使用,,,1
13649314,BBX AI (PTE. LTD.),emr，emr-33l06tan，emr集群报错，影响使用,云产品二部/大数据基础产品中心,弹性 MapReduce,控制台及流程,流程相关,emr，emr-33l06tan，emr集群报错，影响使用,流程已操作结束，\nresourcemanager is running as process 10399. Stop it first.\n从日志描述来看相识没停止掉进程，导致卡住了\n,后端手动介入恢复,emr，emr-33l06tan，emr集群报错，影响使用,,,1
13648305,北京红本科技有限公司,EMR：购买报错提示没有权限购买，需确认原因,云产品二部/大数据基础产品中心,弹性 MapReduce,控制台及流程,账户权限,,,,EMR：购买报错提示没有权限购买，需确认原因,,,1
13646873,广州诗悦网络科技有限公司,"emr,emr-152i153b,cpu使用率100%，需要确认原因",云产品二部/大数据基础产品中心,弹性 MapReduce,控制台及流程,监控告警,"emr,emr-152i153b,cpu使用率100%，需要确认原因",看大部分是sr占用的 ,具体可以查下审计日志表，筛选下时间，根据cpu使用率排序\n操作指引：https://docs.starrocks.io/zh/docs/administration/management/audit_loader/   \n\n拿cpuCostNs这个字段倒序排下,"emr,emr-152i153b,cpu使用率100%，需要确认原因",,,1
13646533,BBX AI (PTE. LTD.),emr，emr-46j7ayg9，实例高io类型core节点无资源，影响使用,云产品二部/大数据基础产品中心,弹性 MapReduce,控制台及流程,集群创建、销毁、扩缩容,,,,emr，emr-46j7ayg9，实例高io类型core节点无资源，影响使用,,,1
13646065,深圳市和讯华谷信息技术有限公司,emr，emr-jmonmin5节点缩容进程异常影响使用核实原因,云产品二部/大数据基础产品中心,弹性 MapReduce,控制台及流程,流程相关,emr，emr-jmonmin5节点缩容进程异常影响使用核实原因,核实1个块一直不结束导致流程异常,已协助跳过流程，手动下线节点,em，emr-jmonmin5节点缩容进程异常影响使用核实原因,,,1
13645960,武汉市多比特信息科技有限公司,EMR，emr-jyelhxf7，在不修改配置的场景下如何下发配置呢,云产品二部/大数据基础产品中心,弹性 MapReduce,控制台及流程,配置管理,,,,EMR，emr-jyelhxf7，在不修改配置的场景下如何下发配置呢,,,1
13645855,赛诺菲(中国)投资有限公司上海分公司,"EMR, SR集群磁盘缩容方案跟进",云产品二部/大数据基础产品中心,弹性 MapReduce,控制台及流程,配置管理,,,,"EMR, SR集群磁盘缩容方案跟进",,,1
13645339,BBX AI (PTE. LTD.),emr，emr-ho3437mt，需要开白core节点缩容功能,云产品二部/大数据基础产品中心,弹性 MapReduce,控制台及流程,集群创建、销毁、扩缩容,,,,emr，emr-ho3437mt，需要开白core节点缩容功能,,,1
13644843,荣耀终端股份有限公司,"emr，emr-6bdznxhw,emr-8w5vk6rm,海外法兰克福&新加坡集群无法扩容s5",云产品二部/大数据基础产品中心,弹性 MapReduce,控制台及流程,流程相关,,,,"emr，emr-6bdznxhw,emr-8w5vk6rm,海外法兰克福&新加坡集群无法扩容s5",,,1
13642822,广东行致互联科技有限公司,emr，emr-4w3xf088扩容规格不一样，导致无法 rebalance，确认原因,云产品二部/大数据基础产品中心,弹性 MapReduce,控制台及流程,节点规格,emr，emr-4w3xf088扩容规格不一样，导致无法 rebalance，确认原因,磁盘大小不一致无法做balance,先增加参数，手动执行一下balance。,emr，emr-4w3xf088扩容规格不一样，导致无法 rebalance，确认原因,,,1
13641740,深圳市雷鸟网络传媒有限公司,emr，emr-h5sgynff，emr自动伸缩策略执行失败，影响使用，需确认原因,云产品二部/大数据基础产品中心,弹性 MapReduce,控制台及流程,流程相关,emr，emr-h5sgynff，emr自动伸缩策略执行失败，影响使用，需确认原因,设置的竞价优先，五区SA5没有竞价实例库存去八区创建由于竞价实例配额不足导致扩容任务失败，当前已调整八区竞价实例配额。,短期方案：\n1.手动调整负载伸缩调度周期到300s -控制台可调整\n2.优化拉黑逻辑6min -1.10发布\n\n长期优化方案 -3月中发布\n1.根据负载伸缩具体间隔确定拉黑时间\n2.优化优先级下单+补偿能力，保障有货资源在调度周期内成功,emr，emr-h5sgynff，emr自动伸缩策略执行失败，影响使用，需确认原因,,,1
